{
  "summary": {
    "total_tests": 26,
    "passed_tests": 26,
    "failed_tests": 0,
    "success_rate": 100.0,
    "execution_time": 0.00028204917907714844
  },
  "timestamp": "2025-07-19T14:39:52.001631"
}